open,high,low,close,volume,name,exchange_code,asset_type,price_currency,symbol,date,etl_load_timestamp,data_source
210.43,213.4,209.0,212.93,51759900.0,Apple Inc,NASDAQ,Stock,USD,AAPL,2025-05-13 00:00:00+00:00,2025-10-06 10:28:32.648424,marketstack_api
212.43,213.94,210.58,212.33,49253000.0,Apple Inc,NASDAQ,Stock,USD,AAPL,2025-05-14 00:00:00+00:00,2025-10-06 10:28:32.648424,marketstack_api
210.95,212.96,209.54,211.45,44979900.0,Apple Inc,NASDAQ,Stock,USD,AAPL,2025-05-15 00:00:00+00:00,2025-10-06 10:28:32.648424,marketstack_api
212.36,212.57,209.77,211.26,53659100.0,Apple Inc,NASDAQ,Stock,USD,AAPL,2025-05-16 00:00:00+00:00,2025-10-06 10:28:32.648424,marketstack_api
207.91,209.48,204.26,208.78,45310800.0,Apple Inc,NASDAQ,Stock,USD,AAPL,2025-05-19 00:00:00+00:00,2025-10-06 10:28:32.648424,marketstack_api
207.67,208.47,205.03,206.86,42443700.0,Apple Inc,NASDAQ,Stock,USD,AAPL,2025-05-20 00:00:00+00:00,2025-10-06 10:28:32.648424,marketstack_api
205.17,207.04,200.71,202.09,59134800.0,Apple Inc,NASDAQ,Stock,USD,AAPL,2025-05-21 00:00:00+00:00,2025-10-06 10:28:32.648424,marketstack_api
200.71,202.75,199.7,201.36,46633900.0,Apple Inc,NASDAQ,Stock,USD,AAPL,2025-05-22 00:00:00+00:00,2025-10-06 10:28:32.648424,marketstack_api
193.665,197.7,193.46,195.27,78432918.0,Apple Inc,NASDAQ,Stock,USD,AAPL,2025-05-23 00:00:00+00:00,2025-10-06 10:28:32.648424,marketstack_api
198.3,200.74,197.43,200.21,56229000.0,Apple Inc,NASDAQ,Stock,USD,AAPL,2025-05-27 00:00:00+00:00,2025-10-06 10:28:32.648424,marketstack_api
200.59,202.73,199.9,200.42,44158300.0,Apple Inc,NASDAQ,Stock,USD,AAPL,2025-05-28 00:00:00+00:00,2025-10-06 10:28:32.648424,marketstack_api
203.575,203.78,198.51,199.95,51174958.0,Apple Inc,NASDAQ,Stock,USD,AAPL,2025-05-29 00:00:00+00:00,2025-10-06 10:28:32.648424,marketstack_api
199.37,201.96,196.78,200.85,70753100.0,Apple Inc,NASDAQ,Stock,USD,AAPL,2025-05-30 00:00:00+00:00,2025-10-06 10:28:32.648424,marketstack_api
200.15,202.13,200.12,201.7,35314257.0,Apple Inc,NASDAQ,Stock,USD,AAPL,2025-06-02 00:00:00+00:00,2025-10-06 10:28:32.648424,marketstack_api
201.35,203.77,200.96,203.27,46342500.0,Apple Inc,NASDAQ,Stock,USD,AAPL,2025-06-03 00:00:00+00:00,2025-10-06 10:28:32.648424,marketstack_api
202.91,206.24,202.15,202.82,42889828.0,Apple Inc,NASDAQ,Stock,USD,AAPL,2025-06-04 00:00:00+00:00,2025-10-06 10:28:32.648424,marketstack_api
203.5,204.75,200.15,200.63,55126100.0,Apple Inc,NASDAQ,Stock,USD,AAPL,2025-06-05 00:00:00+00:00,2025-10-06 10:28:32.648424,marketstack_api
203.0,205.7,202.05,203.92,46539200.0,Apple Inc,NASDAQ,Stock,USD,AAPL,2025-06-06 00:00:00+00:00,2025-10-06 10:28:32.648424,marketstack_api
204.39,206.0,200.02,201.45,72726700.0,Apple Inc,NASDAQ,Stock,USD,AAPL,2025-06-09 00:00:00+00:00,2025-10-06 10:28:32.648424,marketstack_api
200.6,204.35,200.57,202.67,54553200.0,Apple Inc,NASDAQ,Stock,USD,AAPL,2025-06-10 00:00:00+00:00,2025-10-06 10:28:32.648424,marketstack_api
203.5,204.5,198.41,198.78,60820200.0,Apple Inc,NASDAQ,Stock,USD,AAPL,2025-06-11 00:00:00+00:00,2025-10-06 10:28:32.648424,marketstack_api
199.08,199.68,197.36,199.2,43758300.0,Apple Inc,NASDAQ,Stock,USD,AAPL,2025-06-12 00:00:00+00:00,2025-10-06 10:28:32.648424,marketstack_api
199.73,200.37,195.7,196.45,51362400.0,Apple Inc,NASDAQ,Stock,USD,AAPL,2025-06-13 00:00:00+00:00,2025-10-06 10:28:32.648424,marketstack_api
197.29,198.685,196.5636,198.42,42837838.0,Apple Inc,NASDAQ,Stock,USD,AAPL,2025-06-16 00:00:00+00:00,2025-10-06 10:28:32.648424,marketstack_api
197.2,198.3889,195.21,195.64,38772936.0,Apple Inc,NASDAQ,Stock,USD,AAPL,2025-06-17 00:00:00+00:00,2025-10-06 10:28:32.648424,marketstack_api
195.945,197.57,195.07,196.58,44864157.0,Apple Inc,NASDAQ,Stock,USD,AAPL,2025-06-18 00:00:00+00:00,2025-10-06 10:28:32.648424,marketstack_api
198.235,201.7,196.855,201.0,96813542.0,Apple Inc,NASDAQ,Stock,USD,AAPL,2025-06-20 00:00:00+00:00,2025-10-06 10:28:32.648424,marketstack_api
201.532,202.3,198.96,201.5,55481396.0,Apple Inc,NASDAQ,Stock,USD,AAPL,2025-06-23 00:00:00+00:00,2025-10-06 10:28:32.648424,marketstack_api
202.59,203.44,200.2,200.3,53899923.0,Apple Inc,NASDAQ,Stock,USD,AAPL,2025-06-24 00:00:00+00:00,2025-10-06 10:28:32.648424,marketstack_api
201.45,203.67,200.62,201.56,39454000.0,Apple Inc,NASDAQ,Stock,USD,AAPL,2025-06-25 00:00:00+00:00,2025-10-06 10:28:32.648424,marketstack_api
201.43,202.615,199.46,201.0,50117398.0,Apple Inc,NASDAQ,Stock,USD,AAPL,2025-06-26 00:00:00+00:00,2025-10-06 10:28:32.648424,marketstack_api
201.89,203.22,200.0,201.08,73114100.0,Apple Inc,NASDAQ,Stock,USD,AAPL,2025-06-27 00:00:00+00:00,2025-10-06 10:28:32.648424,marketstack_api
202.01,207.39,199.2607,205.17,90651078.0,Apple Inc,NASDAQ,Stock,USD,AAPL,2025-06-30 00:00:00+00:00,2025-10-06 10:28:32.648424,marketstack_api
206.665,210.1865,206.1401,207.82,77921627.0,Apple Inc,NASDAQ,Stock,USD,AAPL,2025-07-01 00:00:00+00:00,2025-10-06 10:28:32.648424,marketstack_api
209.08,213.34,208.14,212.44,67834447.0,Apple Inc,NASDAQ,Stock,USD,AAPL,2025-07-02 00:00:00+00:00,2025-10-06 10:28:32.648424,marketstack_api
212.145,214.65,211.8101,213.55,34955836.0,Apple Inc,NASDAQ,Stock,USD,AAPL,2025-07-03 00:00:00+00:00,2025-10-06 10:28:32.648424,marketstack_api
212.68,216.23,208.8,209.95,49905104.0,Apple Inc,NASDAQ,Stock,USD,AAPL,2025-07-07 00:00:00+00:00,2025-10-06 10:28:32.648424,marketstack_api
210.13,211.43,208.45,210.01,42036884.0,Apple Inc,NASDAQ,Stock,USD,AAPL,2025-07-08 00:00:00+00:00,2025-10-06 10:28:32.648424,marketstack_api
209.53,211.33,207.22,211.14,48408519.0,Apple Inc,NASDAQ,Stock,USD,AAPL,2025-07-09 00:00:00+00:00,2025-10-06 10:28:32.648424,marketstack_api
210.505,213.48,210.12,212.41,43770740.0,Apple Inc,NASDAQ,Stock,USD,AAPL,2025-07-10 00:00:00+00:00,2025-10-06 10:28:32.648424,marketstack_api
210.57,212.13,209.86,211.16,39719300.0,Apple Inc,NASDAQ,Stock,USD,AAPL,2025-07-11 00:00:00+00:00,2025-10-06 10:28:32.648424,marketstack_api
209.909,210.91,207.54,208.62,37683849.0,Apple Inc,NASDAQ,Stock,USD,AAPL,2025-07-14 00:00:00+00:00,2025-10-06 10:28:32.648424,marketstack_api
209.15,211.89,208.92,209.11,42071894.0,Apple Inc,NASDAQ,Stock,USD,AAPL,2025-07-15 00:00:00+00:00,2025-10-06 10:28:32.648424,marketstack_api
210.29,212.4,208.64,210.16,47148580.0,Apple Inc,NASDAQ,Stock,USD,AAPL,2025-07-16 00:00:00+00:00,2025-10-06 10:28:32.648424,marketstack_api
210.625,211.8,209.59,210.02,47738194.0,Apple Inc,NASDAQ,Stock,USD,AAPL,2025-07-17 00:00:00+00:00,2025-10-06 10:28:32.648424,marketstack_api
210.87,211.79,209.7,211.18,48939500.0,Apple Inc,NASDAQ,Stock,USD,AAPL,2025-07-18 00:00:00+00:00,2025-10-06 10:28:32.648424,marketstack_api
212.05,215.78,211.6409,212.48,51064253.0,Apple Inc,NASDAQ,Stock,USD,AAPL,2025-07-21 00:00:00+00:00,2025-10-06 10:28:32.648424,marketstack_api
213.14,214.95,212.23,214.4,46300400.0,Apple Inc,NASDAQ,Stock,USD,AAPL,2025-07-22 00:00:00+00:00,2025-10-06 10:28:32.648424,marketstack_api
215.045,215.1,212.41,214.15,46415026.0,Apple Inc,NASDAQ,Stock,USD,AAPL,2025-07-23 00:00:00+00:00,2025-10-06 10:28:32.648424,marketstack_api
213.9,215.69,213.53,213.76,45773373.0,Apple Inc,NASDAQ,Stock,USD,AAPL,2025-07-24 00:00:00+00:00,2025-10-06 10:28:32.648424,marketstack_api
214.7,215.24,213.4,213.88,40219700.0,Apple Inc,NASDAQ,Stock,USD,AAPL,2025-07-25 00:00:00+00:00,2025-10-06 10:28:32.648424,marketstack_api
214.03,214.85,213.06,214.05,37796900.0,Apple Inc,NASDAQ,Stock,USD,AAPL,2025-07-28 00:00:00+00:00,2025-10-06 10:28:32.648424,marketstack_api
214.18,214.81,210.82,211.27,49943600.0,Apple Inc,NASDAQ,Stock,USD,AAPL,2025-07-29 00:00:00+00:00,2025-10-06 10:28:32.648424,marketstack_api
211.9,212.39,207.72,209.05,43797200.0,Apple Inc,NASDAQ,Stock,USD,AAPL,2025-07-30 00:00:00+00:00,2025-10-06 10:28:32.648424,marketstack_api
208.49,209.84,207.16,207.57,78744400.0,Apple Inc,NASDAQ,Stock,USD,AAPL,2025-07-31 00:00:00+00:00,2025-10-06 10:28:32.648424,marketstack_api
210.87,213.58,201.5,202.38,104301700.0,Apple Inc,NASDAQ,Stock,USD,AAPL,2025-08-01 00:00:00+00:00,2025-10-06 10:28:32.648424,marketstack_api
204.51,207.88,201.68,203.35,75020600.0,Apple Inc,NASDAQ,Stock,USD,AAPL,2025-08-04 00:00:00+00:00,2025-10-06 10:28:32.648424,marketstack_api
203.4,205.34,202.16,202.92,44106200.0,Apple Inc,NASDAQ,Stock,USD,AAPL,2025-08-05 00:00:00+00:00,2025-10-06 10:28:32.648424,marketstack_api
205.63,215.38,205.59,213.25,106498000.0,Apple Inc,NASDAQ,Stock,USD,AAPL,2025-08-06 00:00:00+00:00,2025-10-06 10:28:32.648424,marketstack_api
218.88,220.85,216.58,220.03,89932900.0,Apple Inc,NASDAQ,Stock,USD,AAPL,2025-08-07 00:00:00+00:00,2025-10-06 10:28:32.648424,marketstack_api
220.83,231.0,219.25,229.35,113696100.0,Apple Inc,NASDAQ,Stock,USD,AAPL,2025-08-08 00:00:00+00:00,2025-10-06 10:28:32.648424,marketstack_api
227.92,229.56,224.76,227.18,61725300.0,Apple Inc,NASDAQ,Stock,USD,AAPL,2025-08-11 00:00:00+00:00,2025-10-06 10:28:32.648424,marketstack_api
228.01,230.8,227.07,229.65,55626200.0,Apple Inc,NASDAQ,Stock,USD,AAPL,2025-08-12 00:00:00+00:00,2025-10-06 10:28:32.648424,marketstack_api
231.07,235.0,230.43,233.33,69833200.0,Apple Inc,NASDAQ,Stock,USD,AAPL,2025-08-13 00:00:00+00:00,2025-10-06 10:28:32.648424,marketstack_api
234.06,235.12,230.85,232.78,51857600.0,Apple Inc,NASDAQ,Stock,USD,AAPL,2025-08-14 00:00:00+00:00,2025-10-06 10:28:32.648424,marketstack_api
234.0,234.28,229.34,231.59,56010500.0,Apple Inc,NASDAQ,Stock,USD,AAPL,2025-08-15 00:00:00+00:00,2025-10-06 10:28:32.648424,marketstack_api
231.78,233.12,230.11,230.89,36051605.0,Apple Inc,NASDAQ,Stock,USD,AAPL,2025-08-18 00:00:00+00:00,2025-10-06 10:28:32.648424,marketstack_api
231.28,232.87,229.35,230.56,39320800.0,Apple Inc,NASDAQ,Stock,USD,AAPL,2025-08-19 00:00:00+00:00,2025-10-06 10:28:32.648424,marketstack_api
229.98,230.47,225.77,226.01,42190600.0,Apple Inc,NASDAQ,Stock,USD,AAPL,2025-08-20 00:00:00+00:00,2025-10-06 10:28:32.648424,marketstack_api
226.27,226.52,223.78,224.9,30593700.0,Apple Inc,NASDAQ,Stock,USD,AAPL,2025-08-21 00:00:00+00:00,2025-10-06 10:28:32.648424,marketstack_api
226.17,229.09,225.41,227.76,42445300.0,Apple Inc,NASDAQ,Stock,USD,AAPL,2025-08-22 00:00:00+00:00,2025-10-06 10:28:32.648424,marketstack_api
226.48,229.3,226.23,227.16,30965700.0,Apple Inc,NASDAQ,Stock,USD,AAPL,2025-08-25 00:00:00+00:00,2025-10-06 10:28:32.648424,marketstack_api
226.87,229.49,224.69,229.31,54524400.0,Apple Inc,NASDAQ,Stock,USD,AAPL,2025-08-26 00:00:00+00:00,2025-10-06 10:28:32.648424,marketstack_api
228.61,230.9,228.26,230.49,31200700.0,Apple Inc,NASDAQ,Stock,USD,AAPL,2025-08-27 00:00:00+00:00,2025-10-06 10:28:32.648424,marketstack_api
230.81,233.41,229.335,232.56,37892960.0,Apple Inc,NASDAQ,Stock,USD,AAPL,2025-08-28 00:00:00+00:00,2025-10-06 10:28:32.648424,marketstack_api
232.51,233.38,231.37,232.14,39418437.0,Apple Inc,NASDAQ,Stock,USD,AAPL,2025-08-29 00:00:00+00:00,2025-10-06 10:28:32.648424,marketstack_api
229.25,230.85,226.97,229.72,43804400.0,Apple Inc,NASDAQ,Stock,USD,AAPL,2025-09-02 00:00:00+00:00,2025-10-06 10:28:32.648424,marketstack_api
237.21,238.85,234.36,238.47,66302400.0,Apple Inc,NASDAQ,Stock,USD,AAPL,2025-09-03 00:00:00+00:00,2025-10-06 10:28:32.648424,marketstack_api
238.45,239.9,236.74,239.78,47504000.0,Apple Inc,NASDAQ,Stock,USD,AAPL,2025-09-04 00:00:00+00:00,2025-10-06 10:28:32.648424,marketstack_api
240.0,241.32,238.49,239.69,54837300.0,Apple Inc,NASDAQ,Stock,USD,AAPL,2025-09-05 00:00:00+00:00,2025-10-06 10:28:32.648424,marketstack_api
239.3,240.15,236.34,237.88,48959400.0,Apple Inc,NASDAQ,Stock,USD,AAPL,2025-09-08 00:00:00+00:00,2025-10-06 10:28:32.648424,marketstack_api
237.0,238.78,233.36,234.35,66153200.0,Apple Inc,NASDAQ,Stock,USD,AAPL,2025-09-09 00:00:00+00:00,2025-10-06 10:28:32.648424,marketstack_api
232.19,232.42,225.95,226.79,83321600.0,Apple Inc,NASDAQ,Stock,USD,AAPL,2025-09-10 00:00:00+00:00,2025-10-06 10:28:32.648424,marketstack_api
226.88,230.45,226.65,230.03,50150900.0,Apple Inc,NASDAQ,Stock,USD,AAPL,2025-09-11 00:00:00+00:00,2025-10-06 10:28:32.648424,marketstack_api
229.22,234.51,229.02,234.07,55776500.0,Apple Inc,NASDAQ,Stock,USD,AAPL,2025-09-12 00:00:00+00:00,2025-10-06 10:28:32.648424,marketstack_api
237.0,238.19,235.03,236.7,42583729.0,Apple Inc,NASDAQ,Stock,USD,AAPL,2025-09-15 00:00:00+00:00,2025-10-06 10:28:32.648424,marketstack_api
237.18,241.22,236.3235,238.15,61246555.0,Apple Inc,NASDAQ,Stock,USD,AAPL,2025-09-16 00:00:00+00:00,2025-10-06 10:28:32.648424,marketstack_api
238.97,240.1,237.73,238.99,46435200.0,Apple Inc,NASDAQ,Stock,USD,AAPL,2025-09-17 00:00:00+00:00,2025-10-06 10:28:32.648424,marketstack_api
239.97,241.2,236.65,237.88,44219200.0,Apple Inc,NASDAQ,Stock,USD,AAPL,2025-09-18 00:00:00+00:00,2025-10-06 10:28:32.648424,marketstack_api
241.23,246.3,240.21,245.5,163470300.0,Apple Inc,NASDAQ,Stock,USD,AAPL,2025-09-19 00:00:00+00:00,2025-10-06 10:28:32.648424,marketstack_api
248.3,256.64,248.12,256.08,105413200.0,Apple Inc,NASDAQ,Stock,USD,AAPL,2025-09-22 00:00:00+00:00,2025-10-06 10:28:32.648424,marketstack_api
255.88,257.34,253.58,254.43,60232300.0,Apple Inc,NASDAQ,Stock,USD,AAPL,2025-09-23 00:00:00+00:00,2025-10-06 10:28:32.648424,marketstack_api
255.22,255.74,251.04,252.31,42265200.0,Apple Inc,NASDAQ,Stock,USD,AAPL,2025-09-24 00:00:00+00:00,2025-10-06 10:28:32.648424,marketstack_api
253.21,257.17,251.71,256.87,55061300.0,Apple Inc,NASDAQ,Stock,USD,AAPL,2025-09-25 00:00:00+00:00,2025-10-06 10:28:32.648424,marketstack_api
254.1,257.6,253.78,255.46,46045700.0,Apple Inc,NASDAQ,Stock,USD,AAPL,2025-09-26 00:00:00+00:00,2025-10-06 10:28:32.648424,marketstack_api
254.56,255.0,253.01,254.43,40091100.0,Apple Inc,NASDAQ,Stock,USD,AAPL,2025-09-29 00:00:00+00:00,2025-10-06 10:28:32.648424,marketstack_api
254.86,255.92,253.11,254.63,37666900.0,Apple Inc,NASDAQ,Stock,USD,AAPL,2025-09-30 00:00:00+00:00,2025-10-06 10:28:32.648424,marketstack_api
255.04,258.79,254.95,255.45,45889562.0,Apple Inc,NASDAQ,Stock,USD,AAPL,2025-10-01 00:00:00+00:00,2025-10-06 10:28:32.648424,marketstack_api
256.58,258.18,254.15,257.13,42597200.0,Apple Inc,NASDAQ,Stock,USD,AAPL,2025-10-02 00:00:00+00:00,2025-10-06 10:28:32.648424,marketstack_api
254.665,259.24,253.95,258.02,49155614.0,Apple Inc,NASDAQ,Stock,USD,AAPL,2025-10-03 00:00:00+00:00,2025-10-06 10:28:32.648424,marketstack_api
158.79,160.57,156.16,159.53,42382126.0,Alphabet Inc - Class A,NASDAQ,Stock,USD,GOOGL,2025-05-13 00:00:00+00:00,2025-10-06 10:28:32.648424,marketstack_api
159.96,167.0,159.61,165.37,48755869.0,Alphabet Inc - Class A,NASDAQ,Stock,USD,GOOGL,2025-05-14 00:00:00+00:00,2025-10-06 10:28:32.648424,marketstack_api
165.84,166.205,162.3732,163.96,33146669.0,Alphabet Inc - Class A,NASDAQ,Stock,USD,GOOGL,2025-05-15 00:00:00+00:00,2025-10-06 10:28:32.648424,marketstack_api
167.725,169.35,165.62,166.19,42846925.0,Alphabet Inc - Class A,NASDAQ,Stock,USD,GOOGL,2025-05-16 00:00:00+00:00,2025-10-06 10:28:32.648424,marketstack_api
164.51,166.64,164.22,166.54,30426097.0,Alphabet Inc - Class A,NASDAQ,Stock,USD,GOOGL,2025-05-19 00:00:00+00:00,2025-10-06 10:28:32.648424,marketstack_api
166.43,168.5,162.9,163.98,46607656.0,Alphabet Inc - Class A,NASDAQ,Stock,USD,GOOGL,2025-05-20 00:00:00+00:00,2025-10-06 10:28:32.648424,marketstack_api
163.69,173.14,163.56,168.56,73415956.0,Alphabet Inc - Class A,NASDAQ,Stock,USD,GOOGL,2025-05-21 00:00:00+00:00,2025-10-06 10:28:32.648424,marketstack_api
171.85,176.77,170.71,170.87,74864418.0,Alphabet Inc - Class A,NASDAQ,Stock,USD,GOOGL,2025-05-22 00:00:00+00:00,2025-10-06 10:28:32.648424,marketstack_api
169.055,169.96,167.89,168.47,35211439.0,Alphabet Inc - Class A,NASDAQ,Stock,USD,GOOGL,2025-05-23 00:00:00+00:00,2025-10-06 10:28:32.648424,marketstack_api
170.16,173.17,170.0,172.9,37995670.0,Alphabet Inc - Class A,NASDAQ,Stock,USD,GOOGL,2025-05-27 00:00:00+00:00,2025-10-06 10:28:32.648424,marketstack_api
173.16,175.265,171.9107,172.36,34783997.0,Alphabet Inc - Class A,NASDAQ,Stock,USD,GOOGL,2025-05-28 00:00:00+00:00,2025-10-06 10:28:32.648424,marketstack_api
174.0,174.4193,170.63,171.86,29373803.0,Alphabet Inc - Class A,NASDAQ,Stock,USD,GOOGL,2025-05-29 00:00:00+00:00,2025-10-06 10:28:32.648424,marketstack_api
171.35,172.205,167.44,171.74,52639911.0,Alphabet Inc - Class A,NASDAQ,Stock,USD,GOOGL,2025-05-30 00:00:00+00:00,2025-10-06 10:28:32.648424,marketstack_api
167.84,169.87,167.39,169.03,38612272.0,Alphabet Inc - Class A,NASDAQ,Stock,USD,GOOGL,2025-06-02 00:00:00+00:00,2025-10-06 10:28:32.648424,marketstack_api
167.49,168.475,165.28,166.18,45084903.0,Alphabet Inc - Class A,NASDAQ,Stock,USD,GOOGL,2025-06-03 00:00:00+00:00,2025-10-06 10:28:32.648424,marketstack_api
166.735,168.215,166.36,168.05,26900838.0,Alphabet Inc - Class A,NASDAQ,Stock,USD,GOOGL,2025-06-04 00:00:00+00:00,2025-10-06 10:28:32.648424,marketstack_api
170.34,170.93,167.59,168.21,36444564.0,Alphabet Inc - Class A,NASDAQ,Stock,USD,GOOGL,2025-06-05 00:00:00+00:00,2025-10-06 10:28:32.648424,marketstack_api
170.83,174.5,170.83,173.47,35731832.0,Alphabet Inc - Class A,NASDAQ,Stock,USD,GOOGL,2025-06-06 00:00:00+00:00,2025-10-06 10:28:32.648424,marketstack_api
174.54,176.47,174.37,176.09,28935910.0,Alphabet Inc - Class A,NASDAQ,Stock,USD,GOOGL,2025-06-09 00:00:00+00:00,2025-10-06 10:28:32.648424,marketstack_api
176.2,181.105,174.91,178.6,61766121.0,Alphabet Inc - Class A,NASDAQ,Stock,USD,GOOGL,2025-06-10 00:00:00+00:00,2025-10-06 10:28:32.648424,marketstack_api
179.77,180.37,176.75,177.35,31646760.0,Alphabet Inc - Class A,NASDAQ,Stock,USD,GOOGL,2025-06-11 00:00:00+00:00,2025-10-06 10:28:32.648424,marketstack_api
176.18,176.72,174.745,175.7,20941869.0,Alphabet Inc - Class A,NASDAQ,Stock,USD,GOOGL,2025-06-12 00:00:00+00:00,2025-10-06 10:28:32.648424,marketstack_api
172.44,177.13,172.385,174.67,27663107.0,Alphabet Inc - Class A,NASDAQ,Stock,USD,GOOGL,2025-06-13 00:00:00+00:00,2025-10-06 10:28:32.648424,marketstack_api
174.73,176.94,174.65,176.77,27389208.0,Alphabet Inc - Class A,NASDAQ,Stock,USD,GOOGL,2025-06-16 00:00:00+00:00,2025-10-06 10:28:32.648424,marketstack_api
175.7,177.3648,174.58,175.95,24973043.0,Alphabet Inc - Class A,NASDAQ,Stock,USD,GOOGL,2025-06-17 00:00:00+00:00,2025-10-06 10:28:32.648424,marketstack_api
176.01,176.56,173.2,173.32,28707524.0,Alphabet Inc - Class A,NASDAQ,Stock,USD,GOOGL,2025-06-18 00:00:00+00:00,2025-10-06 10:28:32.648424,marketstack_api
173.945,174.34,165.46,166.64,75659917.0,Alphabet Inc - Class A,NASDAQ,Stock,USD,GOOGL,2025-06-20 00:00:00+00:00,2025-10-06 10:28:32.648424,marketstack_api
166.27,167.34,162.0,165.19,57670985.0,Alphabet Inc - Class A,NASDAQ,Stock,USD,GOOGL,2025-06-23 00:00:00+00:00,2025-10-06 10:28:32.648424,marketstack_api
166.92,168.22,166.13,166.77,40524312.0,Alphabet Inc - Class A,NASDAQ,Stock,USD,GOOGL,2025-06-24 00:00:00+00:00,2025-10-06 10:28:32.648424,marketstack_api
167.63,172.36,167.55,170.68,35478989.0,Alphabet Inc - Class A,NASDAQ,Stock,USD,GOOGL,2025-06-25 00:00:00+00:00,2025-10-06 10:28:32.648424,marketstack_api
172.43,173.69,169.94,173.54,31796690.0,Alphabet Inc - Class A,NASDAQ,Stock,USD,GOOGL,2025-06-26 00:00:00+00:00,2025-10-06 10:28:32.648424,marketstack_api
173.54,178.68,171.73,178.53,108140200.0,Alphabet Inc - Class A,NASDAQ,Stock,USD,GOOGL,2025-06-27 00:00:00+00:00,2025-10-06 10:28:32.648424,marketstack_api
180.78,181.23,174.58,176.23,63378856.0,Alphabet Inc - Class A,NASDAQ,Stock,USD,GOOGL,2025-06-30 00:00:00+00:00,2025-10-06 10:28:32.648424,marketstack_api
175.735,176.09,173.53,175.84,35904526.0,Alphabet Inc - Class A,NASDAQ,Stock,USD,GOOGL,2025-07-01 00:00:00+00:00,2025-10-06 10:28:32.648424,marketstack_api
175.54,178.86,175.07,178.64,29128947.0,Alphabet Inc - Class A,NASDAQ,Stock,USD,GOOGL,2025-07-02 00:00:00+00:00,2025-10-06 10:28:32.648424,marketstack_api
178.5,179.67,177.05,179.53,21689729.0,Alphabet Inc - Class A,NASDAQ,Stock,USD,GOOGL,2025-07-03 00:00:00+00:00,2025-10-06 10:28:32.648424,marketstack_api
179.01,179.297,175.68,176.79,34052655.0,Alphabet Inc - Class A,NASDAQ,Stock,USD,GOOGL,2025-07-07 00:00:00+00:00,2025-10-06 10:28:32.648424,marketstack_api
177.85,177.95,172.81,174.36,40442535.0,Alphabet Inc - Class A,NASDAQ,Stock,USD,GOOGL,2025-07-08 00:00:00+00:00,2025-10-06 10:28:32.648424,marketstack_api
175.25,179.44,172.77,176.62,43025594.0,Alphabet Inc - Class A,NASDAQ,Stock,USD,GOOGL,2025-07-09 00:00:00+00:00,2025-10-06 10:28:32.648424,marketstack_api
175.63,178.429,174.38,177.62,29252386.0,Alphabet Inc - Class A,NASDAQ,Stock,USD,GOOGL,2025-07-10 00:00:00+00:00,2025-10-06 10:28:32.648424,marketstack_api
176.785,181.43,176.48,180.19,34282922.0,Alphabet Inc - Class A,NASDAQ,Stock,USD,GOOGL,2025-07-11 00:00:00+00:00,2025-10-06 10:28:32.648424,marketstack_api
181.01,183.67,179.68,181.56,32536632.0,Alphabet Inc - Class A,NASDAQ,Stock,USD,GOOGL,2025-07-14 00:00:00+00:00,2025-10-06 10:28:32.648424,marketstack_api
182.81,184.22,181.6,182.0,33448251.0,Alphabet Inc - Class A,NASDAQ,Stock,USD,GOOGL,2025-07-15 00:00:00+00:00,2025-10-06 10:28:32.648424,marketstack_api
183.235,184.327,182.03,182.97,33104193.0,Alphabet Inc - Class A,NASDAQ,Stock,USD,GOOGL,2025-07-16 00:00:00+00:00,2025-10-06 10:28:32.648424,marketstack_api
182.14,184.06,180.48,183.58,31992565.0,Alphabet Inc - Class A,NASDAQ,Stock,USD,GOOGL,2025-07-17 00:00:00+00:00,2025-10-06 10:28:32.648424,marketstack_api
185.4,186.42,183.71,185.06,34014509.0,Alphabet Inc - Class A,NASDAQ,Stock,USD,GOOGL,2025-07-18 00:00:00+00:00,2025-10-06 10:28:32.648424,marketstack_api
186.25,190.285,186.15,190.1,45803129.0,Alphabet Inc - Class A,NASDAQ,Stock,USD,GOOGL,2025-07-21 00:00:00+00:00,2025-10-06 10:28:32.648424,marketstack_api
191.495,191.645,187.46,191.34,44660215.0,Alphabet Inc - Class A,NASDAQ,Stock,USD,GOOGL,2025-07-22 00:00:00+00:00,2025-10-06 10:28:32.648424,marketstack_api
191.5,192.53,189.18,190.23,58681948.0,Alphabet Inc - Class A,NASDAQ,Stock,USD,GOOGL,2025-07-23 00:00:00+00:00,2025-10-06 10:28:32.648424,marketstack_api
197.03,197.95,191.0,192.17,74881687.0,Alphabet Inc - Class A,NASDAQ,Stock,USD,GOOGL,2025-07-24 00:00:00+00:00,2025-10-06 10:28:32.648424,marketstack_api
191.98,194.33,191.26,193.18,39785863.0,Alphabet Inc - Class A,NASDAQ,Stock,USD,GOOGL,2025-07-25 00:00:00+00:00,2025-10-06 10:28:32.648424,marketstack_api
193.65,194.05,190.84,192.58,38084900.0,Alphabet Inc. Cl A,,Stock,CLP,GOOGL,2025-07-28 00:00:00+00:00,2025-10-06 10:28:32.648424,marketstack_api
192.43,195.92,192.08,195.75,41350000.0,Alphabet Inc. Cl A,,Stock,CLP,GOOGL,2025-07-29 00:00:00+00:00,2025-10-06 10:28:32.648424,marketstack_api
195.6,197.6,194.69,196.53,32332500.0,Alphabet Inc. Cl A,,Stock,CLP,GOOGL,2025-07-30 00:00:00+00:00,2025-10-06 10:28:32.648424,marketstack_api
195.71,195.99,191.09,191.9,51177700.0,Alphabet Inc - Class A,NASDAQ,Stock,USD,GOOGL,2025-07-31 00:00:00+00:00,2025-10-06 10:28:32.648424,marketstack_api
189.03,190.83,187.82,189.13,34797400.0,Alphabet Inc. Cl A,,Stock,CLP,GOOGL,2025-08-01 00:00:00+00:00,2025-10-06 10:28:32.648424,marketstack_api
190.29,195.27,190.12,195.04,31503400.0,Alphabet Inc - Class A,NASDAQ,Stock,USD,GOOGL,2025-08-04 00:00:00+00:00,2025-10-06 10:28:32.648424,marketstack_api
194.71,197.86,193.89,194.67,31571000.0,Alphabet Inc - Class A,NASDAQ,Stock,USD,GOOGL,2025-08-05 00:00:00+00:00,2025-10-06 10:28:32.648424,marketstack_api
194.5,196.63,193.67,196.09,21529000.0,Alphabet Inc. Cl A,,Stock,CLP,GOOGL,2025-08-06 00:00:00+00:00,2025-10-06 10:28:32.648424,marketstack_api
197.06,197.54,194.33,196.52,26291300.0,Alphabet Inc. Cl A,,Stock,CLP,GOOGL,2025-08-07 00:00:00+00:00,2025-10-06 10:28:32.648424,marketstack_api
197.22,202.61,197.17,201.42,39123500.0,Alphabet Inc. Cl A,,Stock,CLP,GOOGL,2025-08-08 00:00:00+00:00,2025-10-06 10:28:32.648424,marketstack_api
200.94,201.48,199.07,201.0,25810400.0,Alphabet Inc. Cl A,,Stock,CLP,GOOGL,2025-08-11 00:00:00+00:00,2025-10-06 10:28:32.648424,marketstack_api
201.37,204.5,200.59,203.34,30397900.0,Alphabet Inc. Cl A,,Stock,CLP,GOOGL,2025-08-12 00:00:00+00:00,2025-10-06 10:28:32.648424,marketstack_api
204.13,204.53,197.51,201.96,28324500.0,Alphabet Inc. Cl A,,Stock,CLP,GOOGL,2025-08-13 00:00:00+00:00,2025-10-06 10:28:32.648424,marketstack_api
201.5,204.44,201.225,202.94,25230427.0,Alphabet Inc - Class A,NASDAQ,Stock,USD,GOOGL,2025-08-14 00:00:00+00:00,2025-10-06 10:28:32.648424,marketstack_api
203.85,206.44,201.28,203.9,34911300.0,Alphabet Inc. Cl A,,Stock,CLP,GOOGL,2025-08-15 00:00:00+00:00,2025-10-06 10:28:32.648424,marketstack_api
204.2,205.265,202.49,203.5,18526594.0,Alphabet Inc - Class A,NASDAQ,Stock,USD,GOOGL,2025-08-18 00:00:00+00:00,2025-10-06 10:28:32.648424,marketstack_api
203.03,203.44,199.96,201.57,24197100.0,Alphabet Inc. Cl A,,Stock,CLP,GOOGL,2025-08-19 00:00:00+00:00,2025-10-06 10:28:32.648424,marketstack_api
200.73,201.28,196.6,199.32,28911600.0,Alphabet Inc. Cl A,,Stock,CLP,GOOGL,2025-08-20 00:00:00+00:00,2025-10-06 10:28:32.648424,marketstack_api
199.75,202.48,199.43,199.75,19656900.0,Alphabet Inc. Cl A,,Stock,CLP,GOOGL,2025-08-21 00:00:00+00:00,2025-10-06 10:28:32.648424,marketstack_api
202.73,208.54,201.3,206.09,42782300.0,Alphabet Inc. Cl A,,Stock,CLP,GOOGL,2025-08-22 00:00:00+00:00,2025-10-06 10:28:32.648424,marketstack_api
206.43,210.52,205.28,208.49,29904300.0,Alphabet Inc. Cl A,,Stock,CLP,GOOGL,2025-08-25 00:00:00+00:00,2025-10-06 10:28:32.648424,marketstack_api
207.51,207.85,205.7,207.14,28447100.0,Alphabet Inc. Cl A,,Stock,CLP,GOOGL,2025-08-26 00:00:00+00:00,2025-10-06 10:28:32.648424,marketstack_api
205.7,208.91,205.65,207.48,22985700.0,Alphabet Inc. Cl A,,Stock,CLP,GOOGL,2025-08-27 00:00:00+00:00,2025-10-06 10:28:32.648424,marketstack_api
207.25,212.22,206.9,211.64,32339307.0,Alphabet Inc - Class A,NASDAQ,Stock,USD,GOOGL,2025-08-28 00:00:00+00:00,2025-10-06 10:28:32.648424,marketstack_api
210.51,214.645,210.2,212.91,39728364.0,Alphabet Inc - Class A,NASDAQ,Stock,USD,GOOGL,2025-08-29 00:00:00+00:00,2025-10-06 10:28:32.648424,marketstack_api
208.44,211.68,206.2,211.35,46942300.0,Alphabet Inc. Cl A,,Stock,CLP,GOOGL,2025-09-02 00:00:00+00:00,2025-10-06 10:28:32.648424,marketstack_api
226.21,231.31,224.79,230.66,102578100.0,Alphabet Inc. Cl A,,Stock,CLP,GOOGL,2025-09-03 00:00:00+00:00,2025-10-06 10:28:32.648424,marketstack_api
229.65,232.37,226.11,232.3,51636400.0,Alphabet Inc. Cl A,,Stock,CLP,GOOGL,2025-09-04 00:00:00+00:00,2025-10-06 10:28:32.648424,marketstack_api
232.2,235.76,231.9,235.0,46566300.0,Alphabet Inc. Cl A,,Stock,CLP,GOOGL,2025-09-05 00:00:00+00:00,2025-10-06 10:28:32.648424,marketstack_api
235.47,238.13,233.67,234.04,32441400.0,Alphabet Inc. Cl A,,Stock,CLP,GOOGL,2025-09-08 00:00:00+00:00,2025-10-06 10:28:32.648424,marketstack_api
234.17,240.47,233.23,239.63,38012800.0,Alphabet Inc. Cl A,,Stock,CLP,GOOGL,2025-09-09 00:00:00+00:00,2025-10-06 10:28:32.648424,marketstack_api
238.9,241.66,237.85,239.17,35113100.0,Alphabet Inc. Cl A,,Stock,CLP,GOOGL,2025-09-10 00:00:00+00:00,2025-10-06 10:28:32.648424,marketstack_api
239.88,242.25,236.25,240.37,30560400.0,Alphabet Inc. Cl A,,Stock,CLP,GOOGL,2025-09-11 00:00:00+00:00,2025-10-06 10:28:32.648424,marketstack_api
240.37,242.08,238.0,240.8,26761900.0,Alphabet Inc. Cl A,,Stock,CLP,GOOGL,2025-09-12 00:00:00+00:00,2025-10-06 10:28:32.648424,marketstack_api
244.77,252.405,244.71,251.61,57480464.0,Alphabet Inc. Cl A,,Stock,CLP,GOOGL,2025-09-15 00:00:00+00:00,2025-10-06 10:28:32.648424,marketstack_api
252.08,253.04,249.47,251.16,34085200.0,Alphabet Inc. Cl A,,Stock,CLP,GOOGL,2025-09-16 00:00:00+00:00,2025-10-06 10:28:32.648424,marketstack_api
251.22,251.6,246.28,249.53,34032900.0,Alphabet Inc. Cl A,,Stock,CLP,GOOGL,2025-09-17 00:00:00+00:00,2025-10-06 10:28:32.648424,marketstack_api
251.68,253.99,249.8,252.03,31200600.0,Alphabet Inc. Cl A,,Stock,CLP,GOOGL,2025-09-18 00:00:00+00:00,2025-10-06 10:28:32.648424,marketstack_api
253.25,256.0,251.81,254.72,55472500.0,Alphabet Inc. Cl A,,Stock,CLP,GOOGL,2025-09-19 00:00:00+00:00,2025-10-06 10:28:32.648424,marketstack_api
254.43,255.78,250.3,252.53,32255300.0,Alphabet Inc. Cl A,,Stock,CLP,GOOGL,2025-09-22 00:00:00+00:00,2025-10-06 10:28:32.648424,marketstack_api
253.04,254.36,250.48,251.66,26600700.0,Alphabet Inc. Cl A,,Stock,CLP,GOOGL,2025-09-23 00:00:00+00:00,2025-10-06 10:28:32.648424,marketstack_api
251.66,252.35,246.44,247.14,28161600.0,Alphabet Inc. Cl A,,Stock,CLP,GOOGL,2025-09-24 00:00:00+00:00,2025-10-06 10:28:32.648424,marketstack_api
244.4,246.49,240.74,245.79,30926400.0,Alphabet Inc. Cl A,,Stock,CLP,GOOGL,2025-09-25 00:00:00+00:00,2025-10-06 10:28:32.648424,marketstack_api
247.07,249.42,245.97,246.54,18479400.0,Alphabet Inc. Cl A,,Stock,CLP,GOOGL,2025-09-26 00:00:00+00:00,2025-10-06 10:28:32.648424,marketstack_api
247.85,251.15,242.77,244.05,32452000.0,Alphabet Inc. Cl A,,Stock,CLP,GOOGL,2025-09-29 00:00:00+00:00,2025-10-06 10:28:32.648424,marketstack_api
242.81,243.29,239.25,243.1,34700500.0,Alphabet Inc. Cl A,,Stock,CLP,GOOGL,2025-09-30 00:00:00+00:00,2025-10-06 10:28:32.648424,marketstack_api
240.8,246.3,238.61,244.9,29649105.0,Alphabet Inc. Cl A,,Stock,CLP,GOOGL,2025-10-01 00:00:00+00:00,2025-10-06 10:28:32.648424,marketstack_api
245.15,246.81,242.3,245.69,25454500.0,Alphabet Inc. Cl A,,Stock,CLP,GOOGL,2025-10-02 00:00:00+00:00,2025-10-06 10:28:32.648424,marketstack_api
244.49,246.3,241.655,245.35,30249559.0,Alphabet Inc - Class A,NASDAQ,Stock,USD,GOOGL,2025-10-03 00:00:00+00:00,2025-10-06 10:28:32.648424,marketstack_api
645.54,660.92,642.83,656.03,18570800.0,"Meta Platforms, Inc.",NYSE ARCA,Stock,ARS,META,2025-05-13 00:00:00+00:00,2025-10-06 10:28:32.648424,marketstack_api
661.21,662.67,654.31,659.36,12348200.0,"Meta Platforms, Inc.",NYSE ARCA,Stock,ARS,META,2025-05-14 00:00:00+00:00,2025-10-06 10:28:32.648424,marketstack_api
654.28,657.31,638.58,643.88,14341800.0,"Meta Platforms, Inc.",NYSE ARCA,Stock,ARS,META,2025-05-15 00:00:00+00:00,2025-10-06 10:28:32.648424,marketstack_api
637.96,640.44,626.15,640.34,18519000.0,"Meta Platforms, Inc.",NYSE ARCA,Stock,ARS,META,2025-05-16 00:00:00+00:00,2025-10-06 10:28:32.648424,marketstack_api
628.25,643.0,627.8,640.43,9592400.0,"Meta Platforms, Inc.",NYSE ARCA,Stock,ARS,META,2025-05-19 00:00:00+00:00,2025-10-06 10:28:32.648424,marketstack_api
636.01,639.35,632.26,637.1,6743500.0,"Meta Platforms, Inc.",NYSE ARCA,Stock,ARS,META,2025-05-20 00:00:00+00:00,2025-10-06 10:28:32.648424,marketstack_api
631.79,646.61,630.17,635.5,11464600.0,"Meta Platforms, Inc.",NYSE ARCA,Stock,ARS,META,2025-05-21 00:00:00+00:00,2025-10-06 10:28:32.648424,marketstack_api
634.05,643.25,630.71,636.57,8228400.0,"Meta Platforms, Inc.",NYSE ARCA,Stock,ARS,META,2025-05-22 00:00:00+00:00,2025-10-06 10:28:32.648424,marketstack_api
624.0,632.45,622.65,627.06,8454100.0,"Meta Platforms, Inc.",NYSE ARCA,Stock,ARS,META,2025-05-23 00:00:00+00:00,2025-10-06 10:28:32.648424,marketstack_api
635.41,643.08,632.75,642.32,9508400.0,"Meta Platforms, Inc.",NYSE ARCA,Stock,ARS,META,2025-05-27 00:00:00+00:00,2025-10-06 10:28:32.648424,marketstack_api
642.6,650.88,642.55,643.58,9042900.0,"Meta Platforms, Inc.",NYSE ARCA,Stock,ARS,META,2025-05-28 00:00:00+00:00,2025-10-06 10:28:32.648424,marketstack_api
651.65,653.32,639.5,645.05,8883400.0,"Meta Platforms, Inc.",NYSE ARCA,Stock,ARS,META,2025-05-29 00:00:00+00:00,2025-10-06 10:28:32.648424,marketstack_api
642.5,649.41,632.78,647.49,16233600.0,"Meta Platforms, Inc.",NYSE ARCA,Stock,ARS,META,2025-05-30 00:00:00+00:00,2025-10-06 10:28:32.648424,marketstack_api
644.39,673.26,644.26,670.9,15766300.0,"Meta Platforms, Inc.",NYSE ARCA,Stock,ARS,META,2025-06-02 00:00:00+00:00,2025-10-06 10:28:32.648424,marketstack_api
671.45,675.58,665.03,666.85,11585000.0,"Meta Platforms, Inc.",NYSE ARCA,Stock,ARS,META,2025-06-03 00:00:00+00:00,2025-10-06 10:28:32.648424,marketstack_api
669.32,689.0,668.57,687.95,14031900.0,"Meta Platforms, Inc.",NYSE ARCA,Stock,ARS,META,2025-06-04 00:00:00+00:00,2025-10-06 10:28:32.648424,marketstack_api
691.66,694.38,682.25,684.62,13120300.0,"Meta Platforms, Inc.",NYSE ARCA,Stock,ARS,META,2025-06-05 00:00:00+00:00,2025-10-06 10:28:32.648424,marketstack_api
696.17,702.81,691.87,697.71,11710300.0,"Meta Platforms, Inc.",NYSE ARCA,Stock,ARS,META,2025-06-06 00:00:00+00:00,2025-10-06 10:28:32.648424,marketstack_api
698.46,705.19,693.94,694.06,12773200.0,"Meta Platforms, Inc.",NYSE ARCA,Stock,ARS,META,2025-06-09 00:00:00+00:00,2025-10-06 10:28:32.648424,marketstack_api
701.35,703.23,691.56,702.4,10850100.0,"Meta Platforms, Inc.",NYSE ARCA,Stock,ARS,META,2025-06-10 00:00:00+00:00,2025-10-06 10:28:32.648424,marketstack_api
703.71,708.87,691.99,694.14,9582500.0,"Meta Platforms, Inc.",NYSE ARCA,Stock,ARS,META,2025-06-11 00:00:00+00:00,2025-10-06 10:28:32.648424,marketstack_api
693.3,695.38,687.0,693.36,7322700.0,"Meta Platforms, Inc.",NYSE ARCA,Stock,ARS,META,2025-06-12 00:00:00+00:00,2025-10-06 10:28:32.648424,marketstack_api
687.95,694.57,681.01,682.87,9261100.0,"Meta Platforms, Inc.",NYSE ARCA,Stock,ARS,META,2025-06-13 00:00:00+00:00,2025-10-06 10:28:32.648424,marketstack_api
699.33,707.15,693.51,702.12,13720300.0,"Meta Platforms, Inc.",NYSE ARCA,Stock,ARS,META,2025-06-16 00:00:00+00:00,2025-10-06 10:28:32.648424,marketstack_api
702.0,705.97,696.06,697.23,10066100.0,"Meta Platforms, Inc.",NYSE ARCA,Stock,ARS,META,2025-06-17 00:00:00+00:00,2025-10-06 10:28:32.648424,marketstack_api
698.18,701.59,694.9,695.77,10068300.0,"Meta Platforms, Inc.",NYSE ARCA,Stock,ARS,META,2025-06-18 00:00:00+00:00,2025-10-06 10:28:32.648424,marketstack_api
700.75,701.82,678.67,682.35,22503500.0,"Meta Platforms, Inc.",NYSE ARCA,Stock,ARS,META,2025-06-20 00:00:00+00:00,2025-10-06 10:28:32.648424,marketstack_api
683.69,699.05,678.75,698.53,11080100.0,"Meta Platforms, Inc.",NYSE ARCA,Stock,ARS,META,2025-06-23 00:00:00+00:00,2025-10-06 10:28:32.648424,marketstack_api
704.89,713.19,702.11,712.2,13823200.0,"Meta Platforms, Inc.",NYSE ARCA,Stock,ARS,META,2025-06-24 00:00:00+00:00,2025-10-06 10:28:32.648424,marketstack_api
713.32,716.58,705.38,708.68,9320400.0,"Meta Platforms, Inc.",NYSE ARCA,Stock,ARS,META,2025-06-25 00:00:00+00:00,2025-10-06 10:28:32.648424,marketstack_api
714.36,728.22,711.05,726.09,13964800.0,"Meta Platforms, Inc.",NYSE ARCA,Stock,ARS,META,2025-06-26 00:00:00+00:00,2025-10-06 10:28:32.648424,marketstack_api
726.52,735.43,725.86,733.63,18775700.0,"Meta Platforms, Inc.",NYSE ARCA,Stock,ARS,META,2025-06-27 00:00:00+00:00,2025-10-06 10:28:32.648424,marketstack_api
744.55,747.9,734.25,738.09,15402100.0,"Meta Platforms, Inc.",NYSE ARCA,Stock,ARS,META,2025-06-30 00:00:00+00:00,2025-10-06 10:28:32.648424,marketstack_api
736.88,737.75,715.37,719.22,13431200.0,"Meta Platforms, Inc.",NYSE ARCA,Stock,ARS,META,2025-07-01 00:00:00+00:00,2025-10-06 10:28:32.648424,marketstack_api
715.33,720.3,712.8,713.57,9336700.0,"Meta Platforms, Inc.",NYSE ARCA,Stock,ARS,META,2025-07-02 00:00:00+00:00,2025-10-06 10:28:32.648424,marketstack_api
726.61,729.03,714.42,719.01,8601700.0,"Meta Platforms, Inc.",NYSE ARCA,Stock,ARS,META,2025-07-03 00:00:00+00:00,2025-10-06 10:28:32.648424,marketstack_api
717.6,727.0,713.51,718.35,9457100.0,"Meta Platforms, Inc.",NYSE ARCA,Stock,ARS,META,2025-07-07 00:00:00+00:00,2025-10-06 10:28:32.648424,marketstack_api
721.57,722.91,714.81,720.67,7770700.0,"Meta Platforms, Inc.",NYSE ARCA,Stock,ARS,META,2025-07-08 00:00:00+00:00,2025-10-06 10:28:32.648424,marketstack_api
722.72,737.53,722.72,732.78,11418000.0,"Meta Platforms, Inc.",NYSE ARCA,Stock,ARS,META,2025-07-09 00:00:00+00:00,2025-10-06 10:28:32.648424,marketstack_api
731.55,735.8,719.6,727.24,9913600.0,"Meta Platforms, Inc.",NYSE ARCA,Stock,ARS,META,2025-07-10 00:00:00+00:00,2025-10-06 10:28:32.648424,marketstack_api
722.5,725.16,709.7,717.51,10873900.0,"Meta Platforms, Inc.",NYSE ARCA,Stock,ARS,META,2025-07-11 00:00:00+00:00,2025-10-06 10:28:32.648424,marketstack_api
717.6,728.0,716.55,720.92,8939400.0,"Meta Platforms, Inc.",NYSE ARCA,Stock,ARS,META,2025-07-14 00:00:00+00:00,2025-10-06 10:28:32.648424,marketstack_api
723.9,724.47,709.82,710.39,11529500.0,"Meta Platforms, Inc.",NYSE ARCA,Stock,ARS,META,2025-07-15 00:00:00+00:00,2025-10-06 10:28:32.648424,marketstack_api
713.37,713.97,699.27,702.91,13067600.0,"Meta Platforms, Inc.",NYSE ARCA,Stock,ARS,META,2025-07-16 00:00:00+00:00,2025-10-06 10:28:32.648424,marketstack_api
704.39,705.9,697.11,701.41,11803300.0,"Meta Platforms, Inc.",NYSE ARCA,Stock,ARS,META,2025-07-17 00:00:00+00:00,2025-10-06 10:28:32.648424,marketstack_api
702.19,704.71,691.65,704.28,12779800.0,"Meta Platforms, Inc.",NYSE ARCA,Stock,ARS,META,2025-07-18 00:00:00+00:00,2025-10-06 10:28:32.648424,marketstack_api
706.8,717.0,705.76,712.97,9396300.0,"Meta Platforms, Inc.",NYSE ARCA,Stock,ARS,META,2025-07-21 00:00:00+00:00,2025-10-06 10:28:32.648424,marketstack_api
716.19,716.6,701.41,704.81,8921064.0,"Meta Platforms, Inc.",NYSE ARCA,Stock,USD,META,2025-07-22 00:00:00+00:00,2025-10-06 10:28:32.648424,marketstack_api
706.365,714.6285,704.93,713.58,8771615.0,"Meta Platforms, Inc.",NYSE ARCA,Stock,USD,META,2025-07-23 00:00:00+00:00,2025-10-06 10:28:32.648424,marketstack_api
717.05,723.6239,714.0,714.8,10920836.0,"Meta Platforms, Inc.",NYSE ARCA,Stock,USD,META,2025-07-24 00:00:00+00:00,2025-10-06 10:28:32.648424,marketstack_api
716.915,720.6499,711.9,712.68,8271698.0,"Meta Platforms, Inc.",NYSE ARCA,Stock,USD,META,2025-07-25 00:00:00+00:00,2025-10-06 10:28:32.648424,marketstack_api
715.2,724.74,712.68,717.63,8686600.0,"Meta Platforms, Inc.",,Stock,ARS,META,2025-07-28 00:00:00+00:00,2025-10-06 10:28:32.648424,marketstack_api
720.0,724.47,699.91,700.0,13227300.0,"Meta Platforms, Inc.",,Stock,ARS,META,2025-07-29 00:00:00+00:00,2025-10-06 10:28:32.648424,marketstack_api
708.09,708.5,691.2,695.21,26483200.0,"Meta Platforms, Inc.",,Stock,ARS,META,2025-07-30 00:00:00+00:00,2025-10-06 10:28:32.648424,marketstack_api
775.2,784.75,765.51,773.44,38735900.0,"Meta Platforms, Inc.",NYSE ARCA,Stock,USD,META,2025-07-31 00:00:00+00:00,2025-10-06 10:28:32.648424,marketstack_api
760.73,766.0,745.31,750.01,18991000.0,"Meta Platforms, Inc.",,Stock,ARS,META,2025-08-01 00:00:00+00:00,2025-10-06 10:28:32.648424,marketstack_api
760.0,776.85,758.41,776.37,15763800.0,"Meta Platforms, Inc.",NYSE ARCA,Stock,USD,META,2025-08-04 00:00:00+00:00,2025-10-06 10:28:32.648424,marketstack_api
776.45,783.13,763.0,763.46,11618700.0,"Meta Platforms, Inc.",NYSE ARCA,Stock,USD,META,2025-08-05 00:00:00+00:00,2025-10-06 10:28:32.648424,marketstack_api
770.0,773.64,760.46,771.99,9714000.0,"Meta Platforms, Inc.",,Stock,ARS,META,2025-08-06 00:00:00+00:00,2025-10-06 10:28:32.648424,marketstack_api
773.49,775.0,759.55,761.83,8998200.0,"Meta Platforms, Inc.",,Stock,ARS,META,2025-08-07 00:00:00+00:00,2025-10-06 10:28:32.648424,marketstack_api
762.75,769.9,758.58,769.3,7311700.0,"Meta Platforms, Inc.",,Stock,ARS,META,2025-08-08 00:00:00+00:00,2025-10-06 10:28:32.648424,marketstack_api
770.08,773.46,764.67,765.87,7600800.0,"Meta Platforms, Inc.",,Stock,ARS,META,2025-08-11 00:00:00+00:00,2025-10-06 10:28:32.648424,marketstack_api
773.0,793.67,772.43,790.0,14563100.0,"Meta Platforms, Inc.",,Stock,ARS,META,2025-08-12 00:00:00+00:00,2025-10-06 10:28:32.648424,marketstack_api
791.15,795.46,778.23,780.08,8793600.0,"Meta Platforms, Inc.",,Stock,ARS,META,2025-08-13 00:00:00+00:00,2025-10-06 10:28:32.648424,marketstack_api
777.88,787.81,772.51,782.13,8116193.0,Meta Platforms Inc - Class A,NYSE ARCA,Stock,USD,META,2025-08-14 00:00:00+00:00,2025-10-06 10:28:32.648424,marketstack_api
784.15,796.25,780.82,785.23,13363500.0,"Meta Platforms, Inc.",,Stock,ARS,META,2025-08-15 00:00:00+00:00,2025-10-06 10:28:32.648424,marketstack_api
775.085,775.81,756.5601,767.37,16513737.0,Meta Platforms Inc - Class A,NYSE ARCA,Stock,USD,META,2025-08-18 00:00:00+00:00,2025-10-06 10:28:32.648424,marketstack_api
767.12,767.17,749.36,751.48,12232000.0,"Meta Platforms, Inc.",,Stock,ARS,META,2025-08-19 00:00:00+00:00,2025-10-06 10:28:32.648424,marketstack_api
747.57,750.2,731.0,747.72,11881200.0,"Meta Platforms, Inc.",,Stock,ARS,META,2025-08-20 00:00:00+00:00,2025-10-06 10:28:32.648424,marketstack_api
744.71,745.5,733.11,739.1,8857400.0,"Meta Platforms, Inc.",,Stock,ARS,META,2025-08-21 00:00:00+00:00,2025-10-06 10:28:32.648424,marketstack_api
739.23,756.9,734.39,754.79,10594400.0,"Meta Platforms, Inc.",,Stock,ARS,META,2025-08-22 00:00:00+00:00,2025-10-06 10:28:32.648424,marketstack_api
754.82,758.88,750.13,753.3,6855500.0,"Meta Platforms, Inc.",,Stock,ARS,META,2025-08-25 00:00:00+00:00,2025-10-06 10:28:32.648424,marketstack_api
750.8,754.87,747.94,754.1,7593000.0,"Meta Platforms, Inc.",,Stock,ARS,META,2025-08-26 00:00:00+00:00,2025-10-06 10:28:32.648424,marketstack_api
752.3,754.15,742.84,747.38,8264900.0,"Meta Platforms, Inc.",,Stock,ARS,META,2025-08-27 00:00:00+00:00,2025-10-06 10:28:32.648424,marketstack_api
744.0,753.05,740.8,751.11,7461700.0,"Meta Platforms, Inc.",,Stock,ARS,META,2025-08-28 00:00:00+00:00,2025-10-06 10:28:32.648424,marketstack_api
745.28,747.14,735.35,738.7,9070500.0,"Meta Platforms, Inc.",,Stock,ARS,META,2025-08-29 00:00:00+00:00,2025-10-06 10:28:32.648424,marketstack_api
726.04,736.0,721.73,735.11,9322900.0,"Meta Platforms, Inc.",,Stock,ARS,META,2025-09-02 00:00:00+00:00,2025-10-06 10:28:32.648424,marketstack_api
736.0,740.25,733.99,737.05,7688600.0,"Meta Platforms, Inc.",,Stock,ARS,META,2025-09-03 00:00:00+00:00,2025-10-06 10:28:32.648424,marketstack_api
748.57,761.16,745.82,748.65,11421700.0,"Meta Platforms, Inc.",,Stock,ARS,META,2025-09-04 00:00:00+00:00,2025-10-06 10:28:32.648424,marketstack_api
752.62,757.95,745.03,752.45,9657600.0,"Meta Platforms, Inc.",,Stock,ARS,META,2025-09-05 00:00:00+00:00,2025-10-06 10:28:32.648424,marketstack_api
756.0,766.51,752.02,752.3,13076900.0,"Meta Platforms, Inc.",,Stock,ARS,META,2025-09-08 00:00:00+00:00,2025-10-06 10:28:32.648424,marketstack_api
757.49,766.3,753.43,765.7,10986800.0,"Meta Platforms, Inc.",,Stock,ARS,META,2025-09-09 00:00:00+00:00,2025-10-06 10:28:32.648424,marketstack_api
765.13,765.7,751.0,751.98,12464200.0,"Meta Platforms, Inc.",,Stock,ARS,META,2025-09-10 00:00:00+00:00,2025-10-06 10:28:32.648424,marketstack_api
754.65,757.1,748.37,750.9,7913700.0,"Meta Platforms, Inc.",,Stock,ARS,META,2025-09-11 00:00:00+00:00,2025-10-06 10:28:32.648424,marketstack_api
748.73,757.57,743.76,755.59,8242900.0,"Meta Platforms, Inc.",,Stock,ARS,META,2025-09-12 00:00:00+00:00,2025-10-06 10:28:32.648424,marketstack_api
757.47,774.07,751.985,764.7,10316486.0,"Meta Platforms, Inc.",,Stock,ARS,META,2025-09-15 00:00:00+00:00,2025-10-06 10:28:32.648424,marketstack_api
767.0,781.36,765.1,779.0,11752500.0,"Meta Platforms, Inc.",,Stock,ARS,META,2025-09-16 00:00:00+00:00,2025-10-06 10:28:32.648424,marketstack_api
779.99,783.29,766.31,775.72,9366600.0,"Meta Platforms, Inc.",,Stock,ARS,META,2025-09-17 00:00:00+00:00,2025-10-06 10:28:32.648424,marketstack_api
780.75,788.78,773.36,780.25,10943400.0,"Meta Platforms, Inc.",,Stock,ARS,META,2025-09-18 00:00:00+00:00,2025-10-06 10:28:32.648424,marketstack_api
786.42,790.8,769.19,778.38,23663700.0,"Meta Platforms, Inc.",,Stock,ARS,META,2025-09-19 00:00:00+00:00,2025-10-06 10:28:32.648424,marketstack_api
781.85,785.73,764.47,765.16,11683800.0,"Meta Platforms, Inc.",,Stock,ARS,META,2025-09-22 00:00:00+00:00,2025-10-06 10:28:32.648424,marketstack_api
769.25,770.6,751.07,755.4,10856700.0,"Meta Platforms, Inc.",,Stock,ARS,META,2025-09-23 00:00:00+00:00,2025-10-06 10:28:32.648424,marketstack_api
757.5,761.11,752.53,760.66,8820100.0,"Meta Platforms, Inc.",,Stock,ARS,META,2025-09-24 00:00:00+00:00,2025-10-06 10:28:32.648424,marketstack_api
753.45,756.77,744.55,748.91,10572600.0,"Meta Platforms, Inc.",,Stock,ARS,META,2025-09-25 00:00:00+00:00,2025-10-06 10:28:32.648424,marketstack_api
750.0,751.93,737.35,743.75,9684800.0,"Meta Platforms, Inc.",,Stock,ARS,META,2025-09-26 00:00:00+00:00,2025-10-06 10:28:32.648424,marketstack_api
748.72,750.78,739.15,743.4,9228700.0,"Meta Platforms, Inc.",,Stock,ARS,META,2025-09-29 00:00:00+00:00,2025-10-06 10:28:32.648424,marketstack_api
742.25,742.97,726.3,734.38,16207600.0,"Meta Platforms, Inc.",,Stock,ARS,META,2025-09-30 00:00:00+00:00,2025-10-06 10:28:32.648424,marketstack_api
721.49,721.85,710.2,717.34,20373300.0,"Meta Platforms, Inc.",,Stock,ARS,META,2025-10-01 00:00:00+00:00,2025-10-06 10:28:32.648424,marketstack_api
722.58,727.77,718.14,727.05,11392300.0,"Meta Platforms, Inc.",,Stock,ARS,META,2025-10-02 00:00:00+00:00,2025-10-06 10:28:32.648424,marketstack_api
729.625,731.0,710.18,710.56,16154305.0,Meta Platforms Inc - Class A,NYSE ARCA,Stock,USD,META,2025-10-03 00:00:00+00:00,2025-10-06 10:28:32.648424,marketstack_api
320.0,337.5894,316.8,334.07,136992574.0,Tesla Inc,NASDAQ,Stock,USD,TSLA,2025-05-13 00:00:00+00:00,2025-10-06 10:28:32.648424,marketstack_api
342.5,350.0,337.0,347.68,136997264.0,Tesla Inc,NASDAQ,Stock,USD,TSLA,2025-05-14 00:00:00+00:00,2025-10-06 10:28:32.648424,marketstack_api
340.34,346.1393,334.7153,342.82,97882596.0,Tesla Inc,NASDAQ,Stock,USD,TSLA,2025-05-15 00:00:00+00:00,2025-10-06 10:28:32.648424,marketstack_api
346.24,351.62,342.33,349.98,95895665.0,Tesla Inc,NASDAQ,Stock,USD,TSLA,2025-05-16 00:00:00+00:00,2025-10-06 10:28:32.648424,marketstack_api
336.3,343.0,333.37,342.09,88869853.0,Tesla Inc,NASDAQ,Stock,USD,TSLA,2025-05-19 00:00:00+00:00,2025-10-06 10:28:32.648424,marketstack_api
347.87,354.9899,341.63,343.82,131715548.0,Tesla Inc,NASDAQ,Stock,USD,TSLA,2025-05-20 00:00:00+00:00,2025-10-06 10:28:32.648424,marketstack_api
344.43,347.35,332.2,334.62,102354844.0,Tesla Inc,NASDAQ,Stock,USD,TSLA,2025-05-21 00:00:00+00:00,2025-10-06 10:28:32.648424,marketstack_api
331.9,347.27,331.39,341.04,97113416.0,Tesla Inc,NASDAQ,Stock,USD,TSLA,2025-05-22 00:00:00+00:00,2025-10-06 10:28:32.648424,marketstack_api
337.92,343.18,333.21,339.34,84654818.0,Tesla Inc,NASDAQ,Stock,USD,TSLA,2025-05-23 00:00:00+00:00,2025-10-06 10:28:32.648424,marketstack_api
347.35,363.79,347.32,362.89,120146414.0,Tesla Inc,NASDAQ,Stock,USD,TSLA,2025-05-27 00:00:00+00:00,2025-10-06 10:28:32.648424,marketstack_api
364.84,365.0,355.91,356.9,91404309.0,Tesla Inc,NASDAQ,Stock,USD,TSLA,2025-05-28 00:00:00+00:00,2025-10-06 10:28:32.648424,marketstack_api
365.29,367.71,356.0,358.43,88545666.0,Tesla Inc,NASDAQ,Stock,USD,TSLA,2025-05-29 00:00:00+00:00,2025-10-06 10:28:32.648424,marketstack_api
355.52,363.68,345.29,346.46,123474938.0,Tesla Inc,NASDAQ,Stock,USD,TSLA,2025-05-30 00:00:00+00:00,2025-10-06 10:28:32.648424,marketstack_api
343.5,348.02,333.33,342.69,81873829.0,Tesla Inc,NASDAQ,Stock,USD,TSLA,2025-06-02 00:00:00+00:00,2025-10-06 10:28:32.648424,marketstack_api
346.595,355.4,343.04,344.27,99324544.0,Tesla Inc,NASDAQ,Stock,USD,TSLA,2025-06-03 00:00:00+00:00,2025-10-06 10:28:32.648424,marketstack_api
345.095,345.6,327.3308,332.05,98912075.0,Tesla Inc,NASDAQ,Stock,USD,TSLA,2025-06-04 00:00:00+00:00,2025-10-06 10:28:32.648424,marketstack_api
322.49,324.5499,273.21,284.7,292818655.0,Tesla Inc,NASDAQ,Stock,USD,TSLA,2025-06-05 00:00:00+00:00,2025-10-06 10:28:32.648424,marketstack_api
298.83,305.5,291.14,295.14,164747685.0,Tesla Inc,NASDAQ,Stock,USD,TSLA,2025-06-06 00:00:00+00:00,2025-10-06 10:28:32.648424,marketstack_api
285.955,309.83,281.85,308.58,140908876.0,Tesla Inc,NASDAQ,Stock,USD,TSLA,2025-06-09 00:00:00+00:00,2025-10-06 10:28:32.648424,marketstack_api
314.94,327.83,310.667,326.09,151256520.0,Tesla Inc,NASDAQ,Stock,USD,TSLA,2025-06-10 00:00:00+00:00,2025-10-06 10:28:32.648424,marketstack_api
334.395,335.5,322.5,326.43,122611360.0,Tesla Inc,NASDAQ,Stock,USD,TSLA,2025-06-11 00:00:00+00:00,2025-10-06 10:28:32.648424,marketstack_api
323.075,332.56,316.86,319.11,105127536.0,Tesla Inc,NASDAQ,Stock,USD,TSLA,2025-06-12 00:00:00+00:00,2025-10-06 10:28:32.648424,marketstack_api
313.97,332.99,313.3,325.31,128964279.0,Tesla Inc,NASDAQ,Stock,USD,TSLA,2025-06-13 00:00:00+00:00,2025-10-06 10:28:32.648424,marketstack_api
331.29,332.05,326.41,329.13,83925858.0,Tesla Inc,NASDAQ,Stock,USD,TSLA,2025-06-16 00:00:00+00:00,2025-10-06 10:28:32.648424,marketstack_api
326.09,327.26,314.74,316.35,88282669.0,Tesla Inc,NASDAQ,Stock,USD,TSLA,2025-06-17 00:00:00+00:00,2025-10-06 10:28:32.648424,marketstack_api
317.31,329.32,315.45,322.05,95137686.0,Tesla Inc,NASDAQ,Stock,USD,TSLA,2025-06-18 00:00:00+00:00,2025-10-06 10:28:32.648424,marketstack_api
327.95,332.36,317.78,322.16,108688008.0,Tesla Inc,NASDAQ,Stock,USD,TSLA,2025-06-20 00:00:00+00:00,2025-10-06 10:28:32.648424,marketstack_api
327.54,357.54,327.48,348.68,190716815.0,Tesla Inc,NASDAQ,Stock,USD,TSLA,2025-06-23 00:00:00+00:00,2025-10-06 10:28:32.648424,marketstack_api
356.17,356.26,340.44,340.47,114736245.0,Tesla Inc,NASDAQ,Stock,USD,TSLA,2025-06-24 00:00:00+00:00,2025-10-06 10:28:32.648424,marketstack_api
342.7,343.0,320.4,327.55,119845050.0,Tesla Inc,NASDAQ,Stock,USD,TSLA,2025-06-25 00:00:00+00:00,2025-10-06 10:28:32.648424,marketstack_api
324.61,331.05,323.61,325.78,80440907.0,Tesla Inc,NASDAQ,Stock,USD,TSLA,2025-06-26 00:00:00+00:00,2025-10-06 10:28:32.648424,marketstack_api
324.51,329.3393,317.495,323.63,89067049.0,Tesla Inc,NASDAQ,Stock,USD,TSLA,2025-06-27 00:00:00+00:00,2025-10-06 10:28:32.648424,marketstack_api
319.9,325.5799,316.6,317.66,76695081.0,Tesla Inc,NASDAQ,Stock,USD,TSLA,2025-06-30 00:00:00+00:00,2025-10-06 10:28:32.648424,marketstack_api
298.46,305.89,293.21,300.71,145085665.0,Tesla Inc,NASDAQ,Stock,USD,TSLA,2025-07-01 00:00:00+00:00,2025-10-06 10:28:32.648424,marketstack_api
312.63,316.832,303.82,315.65,119483730.0,Tesla Inc,NASDAQ,Stock,USD,TSLA,2025-07-02 00:00:00+00:00,2025-10-06 10:28:32.648424,marketstack_api
317.99,318.45,312.76,315.35,58042302.0,Tesla Inc,NASDAQ,Stock,USD,TSLA,2025-07-03 00:00:00+00:00,2025-10-06 10:28:32.648424,marketstack_api
291.37,296.15,288.7701,293.94,130122655.0,Tesla Inc,NASDAQ,Stock,USD,TSLA,2025-07-07 00:00:00+00:00,2025-10-06 10:28:32.648424,marketstack_api
297.0,304.0499,294.35,297.81,103246742.0,Tesla Inc,NASDAQ,Stock,USD,TSLA,2025-07-08 00:00:00+00:00,2025-10-06 10:28:32.648424,marketstack_api
297.55,300.15,293.55,295.88,75586771.0,Tesla Inc,NASDAQ,Stock,USD,TSLA,2025-07-09 00:00:00+00:00,2025-10-06 10:28:32.648424,marketstack_api
300.05,310.48,300.0,309.87,104365271.0,Tesla Inc,NASDAQ,Stock,USD,TSLA,2025-07-10 00:00:00+00:00,2025-10-06 10:28:32.648424,marketstack_api
307.89,314.09,305.65,313.51,79236442.0,Tesla Inc,NASDAQ,Stock,USD,TSLA,2025-07-11 00:00:00+00:00,2025-10-06 10:28:32.648424,marketstack_api
317.73,322.5986,312.67,316.9,78043430.0,Tesla Inc,NASDAQ,Stock,USD,TSLA,2025-07-14 00:00:00+00:00,2025-10-06 10:28:32.648424,marketstack_api
319.675,321.2,310.5,310.78,77556346.0,Tesla Inc,NASDAQ,Stock,USD,TSLA,2025-07-15 00:00:00+00:00,2025-10-06 10:28:32.648424,marketstack_api
312.8,323.5,312.62,321.67,97284786.0,Tesla Inc,NASDAQ,Stock,USD,TSLA,2025-07-16 00:00:00+00:00,2025-10-06 10:28:32.648424,marketstack_api
323.15,324.34,317.0601,319.41,73922870.0,Tesla Inc,NASDAQ,Stock,USD,TSLA,2025-07-17 00:00:00+00:00,2025-10-06 10:28:32.648424,marketstack_api
321.66,330.9,321.42,329.65,94254993.0,Tesla Inc,NASDAQ,Stock,USD,TSLA,2025-07-18 00:00:00+00:00,2025-10-06 10:28:32.648424,marketstack_api
334.4,338.0,326.88,328.49,75768797.0,Tesla Inc,NASDAQ,Stock,USD,TSLA,2025-07-21 00:00:00+00:00,2025-10-06 10:28:32.648424,marketstack_api
329.74,335.4098,321.55,332.11,77370371.0,Tesla Inc,NASDAQ,Stock,USD,TSLA,2025-07-22 00:00:00+00:00,2025-10-06 10:28:32.648424,marketstack_api
330.9,336.2,328.67,332.56,92553756.0,Tesla Inc,NASDAQ,Stock,USD,TSLA,2025-07-23 00:00:00+00:00,2025-10-06 10:28:32.648424,marketstack_api
310.0,310.15,300.41,305.3,156966023.0,Tesla Inc,NASDAQ,Stock,USD,TSLA,2025-07-24 00:00:00+00:00,2025-10-06 10:28:32.648424,marketstack_api
308.74,323.63,308.01,316.06,148227027.0,Tesla Inc,NASDAQ,Stock,USD,TSLA,2025-07-25 00:00:00+00:00,2025-10-06 10:28:32.648424,marketstack_api
318.45,330.49,315.69,325.59,112432900.0,LS 1x Tesla Tracker ETC,LSE,ETF,GBP,TSLA,2025-07-28 00:00:00+00:00,2025-10-06 10:28:32.648424,marketstack_api
325.55,326.25,318.25,321.2,87136300.0,LS 1x Tesla Tracker ETC,LSE,ETF,GBP,TSLA,2025-07-29 00:00:00+00:00,2025-10-06 10:28:32.648424,marketstack_api
322.18,324.45,311.62,319.04,83679800.0,LS 1x Tesla Tracker ETC,LSE,ETF,GBP,TSLA,2025-07-30 00:00:00+00:00,2025-10-06 10:28:32.648424,marketstack_api
319.61,321.37,306.1,308.27,84932800.0,Tesla Inc,NASDAQ,Stock,USD,TSLA,2025-07-31 00:00:00+00:00,2025-10-06 10:28:32.648424,marketstack_api
306.21,309.31,297.82,302.63,88838600.0,LS 1x Tesla Tracker ETC,LSE,ETF,GBP,TSLA,2025-08-01 00:00:00+00:00,2025-10-06 10:28:32.648424,marketstack_api
309.08,312.12,303.0,309.26,78529700.0,Tesla Inc,NASDAQ,Stock,USD,TSLA,2025-08-04 00:00:00+00:00,2025-10-06 10:28:32.648424,marketstack_api
308.95,312.45,305.5,308.72,57805300.0,Tesla Inc,NASDAQ,Stock,USD,TSLA,2025-08-05 00:00:00+00:00,2025-10-06 10:28:32.648424,marketstack_api
307.89,320.47,306.93,319.91,78209200.0,LS 1x Tesla Tracker ETC,LSE,ETF,GBP,TSLA,2025-08-06 00:00:00+00:00,2025-10-06 10:28:32.648424,marketstack_api
319.79,322.4,316.16,322.27,66440800.0,LS 1x Tesla Tracker ETC,LSE,ETF,GBP,TSLA,2025-08-07 00:00:00+00:00,2025-10-06 10:28:32.648424,marketstack_api
321.43,335.15,320.98,329.65,91006400.0,LS 1x Tesla Tracker ETC,LSE,ETF,GBP,TSLA,2025-08-08 00:00:00+00:00,2025-10-06 10:28:32.648424,marketstack_api
335.0,346.64,334.15,339.03,104967300.0,LS 1x Tesla Tracker ETC,LSE,ETF,GBP,TSLA,2025-08-11 00:00:00+00:00,2025-10-06 10:28:32.648424,marketstack_api
345.0,345.26,332.94,340.84,80522100.0,LS 1x Tesla Tracker ETC,LSE,ETF,GBP,TSLA,2025-08-12 00:00:00+00:00,2025-10-06 10:28:32.648424,marketstack_api
341.5,348.98,338.2,339.38,67641900.0,LS 1x Tesla Tracker ETC,LSE,ETF,GBP,TSLA,2025-08-13 00:00:00+00:00,2025-10-06 10:28:32.648424,marketstack_api
335.76,340.4699,330.4,335.58,75000662.0,Tesla Inc,NASDAQ,Stock,USD,TSLA,2025-08-14 00:00:00+00:00,2025-10-06 10:28:32.648424,marketstack_api
337.66,339.3,327.02,330.56,74157400.0,LS 1x Tesla Tracker ETC,LSE,ETF,GBP,TSLA,2025-08-15 00:00:00+00:00,2025-10-06 10:28:32.648424,marketstack_api
329.62,336.27,329.59,335.16,56956552.0,Tesla Inc,NASDAQ,Stock,USD,TSLA,2025-08-18 00:00:00+00:00,2025-10-06 10:28:32.648424,marketstack_api
335.79,340.55,327.85,329.31,75502100.0,LS 1x Tesla Tracker ETC,LSE,ETF,GBP,TSLA,2025-08-19 00:00:00+00:00,2025-10-06 10:28:32.648424,marketstack_api
329.22,331.37,314.6,323.9,77332600.0,LS 1x Tesla Tracker ETC,LSE,ETF,GBP,TSLA,2025-08-20 00:00:00+00:00,2025-10-06 10:28:32.648424,marketstack_api
322.08,324.9,318.68,320.11,55562800.0,LS 1x Tesla Tracker ETC,LSE,ETF,GBP,TSLA,2025-08-21 00:00:00+00:00,2025-10-06 10:28:32.648424,marketstack_api
321.66,340.25,319.69,340.01,93588800.0,LS 1x Tesla Tracker ETC,LSE,ETF,GBP,TSLA,2025-08-22 00:00:00+00:00,2025-10-06 10:28:32.648424,marketstack_api
338.9,349.53,335.03,346.6,86405500.0,LS 1x Tesla Tracker ETC,LSE,ETF,GBP,TSLA,2025-08-25 00:00:00+00:00,2025-10-06 10:28:32.648424,marketstack_api
344.93,351.9,343.72,351.67,76343600.0,LS 1x Tesla Tracker ETC,LSE,ETF,GBP,TSLA,2025-08-26 00:00:00+00:00,2025-10-06 10:28:32.648424,marketstack_api
351.94,355.39,349.16,349.6,65103700.0,LS 1x Tesla Tracker ETC,LSE,ETF,GBP,TSLA,2025-08-27 00:00:00+00:00,2025-10-06 10:28:32.648424,marketstack_api
350.91,353.55,340.26,345.98,67903224.0,Tesla Inc,NASDAQ,Stock,USD,TSLA,2025-08-28 00:00:00+00:00,2025-10-06 10:28:32.648424,marketstack_api
347.23,348.7499,331.7,333.87,81145660.0,Tesla Inc,NASDAQ,Stock,USD,TSLA,2025-08-29 00:00:00+00:00,2025-10-06 10:28:32.648424,marketstack_api
328.23,333.33,325.6,329.36,58225400.0,Tesla Inc,NASDAQ,Stock,USD,TSLA,2025-09-02 00:00:00+00:00,2025-10-06 10:28:32.648424,marketstack_api
335.2,343.33,328.51,334.09,88548100.0,Tesla Inc,NASDAQ,Stock,USD,TSLA,2025-09-03 00:00:00+00:00,2025-10-06 10:28:32.648424,marketstack_api
336.15,338.89,331.48,338.53,60502800.0,Tesla Inc,NASDAQ,Stock,USD,TSLA,2025-09-04 00:00:00+00:00,2025-10-06 10:28:32.648424,marketstack_api
348.0,355.87,344.68,350.84,108771700.0,Tesla Inc,NASDAQ,Stock,USD,TSLA,2025-09-05 00:00:00+00:00,2025-10-06 10:28:32.648424,marketstack_api
354.64,358.44,344.84,346.4,75009800.0,Tesla Inc,NASDAQ,Stock,USD,TSLA,2025-09-08 00:00:00+00:00,2025-10-06 10:28:32.648424,marketstack_api
348.44,350.77,343.82,346.97,53689900.0,Tesla Inc,NASDAQ,Stock,USD,TSLA,2025-09-09 00:00:00+00:00,2025-10-06 10:28:32.648424,marketstack_api
350.55,356.33,346.07,347.79,71933500.0,Tesla Inc,NASDAQ,Stock,USD,TSLA,2025-09-10 00:00:00+00:00,2025-10-06 10:28:32.648424,marketstack_api
350.17,368.99,347.6,368.81,103116100.0,Tesla Inc,NASDAQ,Stock,USD,TSLA,2025-09-11 00:00:00+00:00,2025-10-06 10:28:32.648424,marketstack_api
370.94,396.69,370.24,395.94,167721600.0,Tesla Inc,NASDAQ,Stock,USD,TSLA,2025-09-12 00:00:00+00:00,2025-10-06 10:28:32.648424,marketstack_api
423.13,425.7,402.43,410.04,163305900.0,Tesla Inc,NASDAQ,Stock,USD,TSLA,2025-09-15 00:00:00+00:00,2025-10-06 10:28:32.648424,marketstack_api
414.495,423.25,411.43,421.62,102406877.0,Tesla Inc,NASDAQ,Stock,USD,TSLA,2025-09-16 00:00:00+00:00,2025-10-06 10:28:32.648424,marketstack_api
415.75,428.31,409.67,425.86,105060600.0,Tesla Inc,NASDAQ,Stock,USD,TSLA,2025-09-17 00:00:00+00:00,2025-10-06 10:28:32.648424,marketstack_api
428.87,432.22,416.56,416.85,90047600.0,Tesla Inc,NASDAQ,Stock,USD,TSLA,2025-09-18 00:00:00+00:00,2025-10-06 10:28:32.648424,marketstack_api
421.82,429.47,421.72,426.07,92847900.0,Tesla Inc,NASDAQ,Stock,USD,TSLA,2025-09-19 00:00:00+00:00,2025-10-06 10:28:32.648424,marketstack_api
431.11,444.98,429.13,434.21,96600900.0,Tesla Inc,NASDAQ,Stock,USD,TSLA,2025-09-22 00:00:00+00:00,2025-10-06 10:28:32.648424,marketstack_api
439.88,440.97,423.72,425.85,83211500.0,Tesla Inc,NASDAQ,Stock,USD,TSLA,2025-09-23 00:00:00+00:00,2025-10-06 10:28:32.648424,marketstack_api
429.83,444.21,429.03,442.79,92649500.0,Tesla Inc,NASDAQ,Stock,USD,TSLA,2025-09-24 00:00:00+00:00,2025-10-06 10:28:32.648424,marketstack_api
435.24,435.35,419.08,423.39,96355400.0,Tesla Inc,NASDAQ,Stock,USD,TSLA,2025-09-25 00:00:00+00:00,2025-10-06 10:28:32.648424,marketstack_api
428.3,440.47,421.02,440.4,101332800.0,Tesla Inc,NASDAQ,Stock,USD,TSLA,2025-09-26 00:00:00+00:00,2025-10-06 10:28:32.648424,marketstack_api
444.35,450.98,439.5,443.21,79272500.0,Tesla Inc,NASDAQ,Stock,USD,TSLA,2025-09-29 00:00:00+00:00,2025-10-06 10:28:32.648424,marketstack_api
441.52,445.0,433.12,444.72,74046900.0,Tesla Inc,NASDAQ,Stock,USD,TSLA,2025-09-30 00:00:00+00:00,2025-10-06 10:28:32.648424,marketstack_api
443.74,462.29,440.76,459.46,97116635.0,Tesla Inc,NASDAQ,Stock,USD,TSLA,2025-10-01 00:00:00+00:00,2025-10-06 10:28:32.648424,marketstack_api
470.54,470.75,435.57,436.0,136242000.0,Tesla Inc,NASDAQ,Stock,USD,TSLA,2025-10-02 00:00:00+00:00,2025-10-06 10:28:32.648424,marketstack_api
443.285,446.77,416.575,429.83,133188180.0,Tesla Inc,NASDAQ,Stock,USD,TSLA,2025-10-03 00:00:00+00:00,2025-10-06 10:28:32.648424,marketstack_api
